Year,Category,Value
2000,parking,0.6363636363636364
2000,elevator,0.7272727272727273
2000,window,0.9090909090909091
2000,cleanliness,1
1950,parking,0.3263888888888889
1950,elevator,0.31712962962962965
1950,window,0.6134259259259259
1950,cleanliness,0.6828703703703703
