Year,Category,Value
2000,parking,0.3448275862068966
2000,elevator,0.7241379310344828
2000,window,0.7931034482758621
2000,cleanliness,0.8275862068965517
1950,parking,0.3267543859649123
1950,elevator,0.31359649122807015
1950,window,0.6052631578947368
1950,cleanliness,0.6600877192982456
